song_id	title	artist	genre	mood
S0001	Song Title 1	Artist 28	Rock	Sad
S0002	Song Title 2	Artist 29	Rock	Happy
S0003	Song Title 3	Artist 32	Classical	Sad
S0004	Song Title 4	Artist 17	Hip-Hop	Happy
S0005	Song Title 5	Artist 3	Pop	Happy
S0006	Song Title 6	Artist 35	Classical	Energetic
S0007	Song Title 7	Artist 31	Hip-Hop	Chill
S0008	Song Title 8	Artist 15	Jazz	Chill
S0009	Song Title 9	Artist 7	Classical	Sad
S0010	Song Title 10	Artist 50	Rock	Energetic
S0011	Song Title 11	Artist 22	Hip-Hop	Happy
S0012	Song Title 12	Artist 1	Rock	Energetic
S0013	Song Title 13	Artist 26	Jazz	Chill
S0014	Song Title 14	Artist 4	Rock	Energetic
S0015	Song Title 15	Artist 11	Rock	Sad
S0016	Song Title 16	Artist 2	Jazz	Energetic
S0017	Song Title 17	Artist 26	Classical	Sad
S0018	Song Title 18	Artist 16	Rock	Sad
S0019	Song Title 19	Artist 7	Hip-Hop	Energetic
S0020	Song Title 20	Artist 29	Hip-Hop	Chill
S0021	Song Title 21	Artist 30	Classical	Energetic
S0022	Song Title 22	Artist 22	Jazz	Energetic
S0023	Song Title 23	Artist 25	Classical	Sad
S0024	Song Title 24	Artist 41	Jazz	Energetic
S0025	Song Title 25	Artist 26	Rock	Sad
S0026	Song Title 26	Artist 36	Classical	Chill
S0027	Song Title 27	Artist 45	Classical	Chill
S0028	Song Title 28	Artist 32	Pop	Sad
S0029	Song Title 29	Artist 16	Hip-Hop	Happy
S0030	Song Title 30	Artist 40	Classical	Energetic
S0031	Song Title 31	Artist 48	Jazz	Sad
S0032	Song Title 32	Artist 33	Jazz	Happy
S0033	Song Title 33	Artist 22	Rock	Happy
S0034	Song Title 34	Artist 30	Classical	Energetic
S0035	Song Title 35	Artist 8	Jazz	Energetic
S0036	Song Title 36	Artist 22	Pop	Sad
S0037	Song Title 37	Artist 36	Hip-Hop	Energetic
S0038	Song Title 38	Artist 23	Rock	Sad
S0039	Song Title 39	Artist 30	Rock	Energetic
S0040	Song Title 40	Artist 26	Hip-Hop	Chill
S0041	Song Title 41	Artist 24	Rock	Chill
S0042	Song Title 42	Artist 3	Hip-Hop	Chill
S0043	Song Title 43	Artist 13	Jazz	Chill
S0044	Song Title 44	Artist 4	Jazz	Chill
S0045	Song Title 45	Artist 21	Classical	Sad
S0046	Song Title 46	Artist 2	Pop	Happy
S0047	Song Title 47	Artist 30	Classical	Energetic
S0048	Song Title 48	Artist 2	Jazz	Energetic
S0049	Song Title 49	Artist 22	Hip-Hop	Sad
S0050	Song Title 50	Artist 4	Jazz	Energetic
S0051	Song Title 51	Artist 35	Hip-Hop	Sad
S0052	Song Title 52	Artist 10	Hip-Hop	Chill
S0053	Song Title 53	Artist 13	Classical	Sad
S0054	Song Title 54	Artist 38	Hip-Hop	Chill
S0055	Song Title 55	Artist 38	Jazz	Happy
S0056	Song Title 56	Artist 16	Classical	Happy
S0057	Song Title 57	Artist 41	Jazz	Sad
S0058	Song Title 58	Artist 44	Pop	Energetic
S0059	Song Title 59	Artist 23	Rock	Sad
S0060	Song Title 60	Artist 12	Rock	Sad
S0061	Song Title 61	Artist 9	Jazz	Sad
S0062	Song Title 62	Artist 18	Hip-Hop	Happy
S0063	Song Title 63	Artist 19	Jazz	Sad
S0064	Song Title 64	Artist 27	Jazz	Sad
S0065	Song Title 65	Artist 42	Classical	Chill
S0066	Song Title 66	Artist 40	Pop	Energetic
S0067	Song Title 67	Artist 10	Rock	Happy
S0068	Song Title 68	Artist 50	Jazz	Happy
S0069	Song Title 69	Artist 42	Jazz	Chill
S0070	Song Title 70	Artist 24	Classical	Happy
S0071	Song Title 71	Artist 23	Hip-Hop	Happy
S0072	Song Title 72	Artist 15	Jazz	Chill
S0073	Song Title 73	Artist 28	Hip-Hop	Sad
S0074	Song Title 74	Artist 41	Classical	Happy
S0075	Song Title 75	Artist 11	Pop	Happy
S0076	Song Title 76	Artist 34	Classical	Energetic
S0077	Song Title 77	Artist 27	Hip-Hop	Energetic
S0078	Song Title 78	Artist 48	Jazz	Happy
S0079	Song Title 79	Artist 10	Jazz	Happy
S0080	Song Title 80	Artist 4	Rock	Chill
S0081	Song Title 81	Artist 31	Classical	Sad
S0082	Song Title 82	Artist 38	Rock	Sad
S0083	Song Title 83	Artist 44	Hip-Hop	Chill
S0084	Song Title 84	Artist 42	Classical	Energetic
S0085	Song Title 85	Artist 38	Hip-Hop	Happy
S0086	Song Title 86	Artist 47	Jazz	Energetic
S0087	Song Title 87	Artist 10	Rock	Sad
S0088	Song Title 88	Artist 45	Classical	Sad
S0089	Song Title 89	Artist 27	Classical	Happy
S0090	Song Title 90	Artist 31	Rock	Energetic
S0091	Song Title 91	Artist 6	Pop	Happy
S0092	Song Title 92	Artist 31	Pop	Energetic
S0093	Song Title 93	Artist 11	Pop	Happy
S0094	Song Title 94	Artist 14	Jazz	Energetic
S0095	Song Title 95	Artist 25	Pop	Chill
S0096	Song Title 96	Artist 7	Classical	Energetic
S0097	Song Title 97	Artist 12	Pop	Happy
S0098	Song Title 98	Artist 28	Classical	Happy
S0099	Song Title 99	Artist 8	Classical	Chill
S0100	Song Title 100	Artist 1	Rock	Happy
